assessment_name,url,description,skills,test_type,category,remote_testing,adaptive_irt
Global Skills Development Report,https://www.shl.com/products/product-catalog/view/global-skills-development-report/,Global Skills Development Report - A skills assessment of type AEBCDP,Skills skills assessment,AEBCDP,Skills,Yes,No
.NET Framework 4.5,https://www.shl.com/products/product-catalog/view/net-framework-4-5/,.NET Framework 4.5 - A cognitive assessment of type K,Cognitive skills assessment,K,Cognitive,Yes,Yes
.NET MVC (New),https://www.shl.com/products/product-catalog/view/net-mvc-new/,.NET MVC (New) - A cognitive assessment of type K,Cognitive skills assessment,K,Cognitive,Yes,No
.NET MVVM (New),https://www.shl.com/products/product-catalog/view/net-mvvm-new/,.NET MVVM (New) - A cognitive assessment of type K,Cognitive skills assessment,K,Cognitive,Yes,No
.NET WCF (New),https://www.shl.com/products/product-catalog/view/net-wcf-new/,.NET WCF (New) - A cognitive assessment of type K,Cognitive skills assessment,K,Cognitive,Yes,No
.NET WPF (New),https://www.shl.com/products/product-catalog/view/net-wpf-new/,.NET WPF (New) - A cognitive assessment of type K,Cognitive skills assessment,K,Cognitive,Yes,No
.NET XAML (New),https://www.shl.com/products/product-catalog/view/net-xaml-new/,.NET XAML (New) - A cognitive assessment of type K,Cognitive skills assessment,K,Cognitive,Yes,No
Accounts Payable (New),https://www.shl.com/products/product-catalog/view/accounts-payable-new/,Accounts Payable (New) - A cognitive assessment of type K,Cognitive skills assessment,K,Cognitive,Yes,No
Accounts Payable Simulation (New),https://www.shl.com/products/product-catalog/view/accounts-payable-simulation-new/,Accounts Payable Simulation (New) - A skills assessment of type S,Skills skills assessment,S,Skills,Yes,No
Accounts Receivable (New),https://www.shl.com/products/product-catalog/view/accounts-receivable-new/,Accounts Receivable (New) - A cognitive assessment of type K,Cognitive skills assessment,K,Cognitive,Yes,No
Accounts Receivable Simulation (New),https://www.shl.com/products/product-catalog/view/accounts-receivable-simulation-new/,Accounts Receivable Simulation (New) - A skills assessment of type S,Skills skills assessment,S,Skills,Yes,No
ADO.NET (New),https://www.shl.com/products/product-catalog/view/ado-net-new/,ADO.NET (New) - A cognitive assessment of type K,Cognitive skills assessment,K,Cognitive,Yes,No
Adobe Experience Manager (New),https://www.shl.com/products/product-catalog/view/adobe-experience-manager-new/,Adobe Experience Manager (New) - A cognitive assessment of type K,Cognitive skills assessment,K,Cognitive,Yes,No
Adobe Photoshop CC,https://www.shl.com/products/product-catalog/view/adobe-photoshop-cc/,Adobe Photoshop CC - A cognitive assessment of type K,Cognitive skills assessment,K,Cognitive,Yes,Yes
Aeronautical Engineering (New),https://www.shl.com/products/product-catalog/view/aeronautical-engineering-new/,Aeronautical Engineering (New) - A cognitive assessment of type K,Cognitive skills assessment,K,Cognitive,Yes,No
Aerospace Engineering (New),https://www.shl.com/products/product-catalog/view/aerospace-engineering-new/,Aerospace Engineering (New) - A cognitive assessment of type K,Cognitive skills assessment,K,Cognitive,Yes,No
Agile Software Development,https://www.shl.com/products/product-catalog/view/agile-software-development/,Agile Software Development - A cognitive assessment of type K,Cognitive skills assessment,K,Cognitive,Yes,No
Agile Testing (New),https://www.shl.com/products/product-catalog/view/agile-testing-new/,Agile Testing (New) - A cognitive assessment of type K,Cognitive skills assessment,K,Cognitive,Yes,No
AI Skills,https://www.shl.com/products/product-catalog/view/ai-skills/,AI Skills - A personality assessment of type P,Personality skills assessment,P,Personality,Yes,No
Amazon Web Services (AWS) Development (New),https://www.shl.com/products/product-catalog/view/amazon-web-services-aws-development-new/,Amazon Web Services (AWS) Development (New) - A cognitive assessment of type K,Cognitive skills assessment,K,Cognitive,Yes,No
Android Development (New),https://www.shl.com/products/product-catalog/view/android-development-new/,Android Development (New) - A cognitive assessment of type K,Cognitive skills assessment,K,Cognitive,Yes,No
Angular 6 (New),https://www.shl.com/products/product-catalog/view/angular-6-new/,Angular 6 (New) - A cognitive assessment of type K,Cognitive skills assessment,K,Cognitive,Yes,No
AngularJS (New),https://www.shl.com/products/product-catalog/view/angularjs-new/,AngularJS (New) - A cognitive assessment of type K,Cognitive skills assessment,K,Cognitive,Yes,No
Apache Hadoop (New),https://www.shl.com/products/product-catalog/view/apache-hadoop-new/,Apache Hadoop (New) - A cognitive assessment of type K,Cognitive skills assessment,K,Cognitive,Yes,No
Apache Hadoop Extensions (New),https://www.shl.com/products/product-catalog/view/apache-hadoop-extensions-new/,Apache Hadoop Extensions (New) - A cognitive assessment of type K,Cognitive skills assessment,K,Cognitive,Yes,No
Apache HBase (New),https://www.shl.com/products/product-catalog/view/apache-hbase-new/,Apache HBase (New) - A cognitive assessment of type K,Cognitive skills assessment,K,Cognitive,Yes,No
Apache Hive (New),https://www.shl.com/products/product-catalog/view/apache-hive-new/,Apache Hive (New) - A cognitive assessment of type K,Cognitive skills assessment,K,Cognitive,Yes,No
Apache Kafka (New),https://www.shl.com/products/product-catalog/view/apache-kafka-new/,Apache Kafka (New) - A cognitive assessment of type K,Cognitive skills assessment,K,Cognitive,Yes,No
Apache Pig (New),https://www.shl.com/products/product-catalog/view/apache-pig-new/,Apache Pig (New) - A cognitive assessment of type K,Cognitive skills assessment,K,Cognitive,Yes,No
Apache Spark (New),https://www.shl.com/products/product-catalog/view/apache-spark-new/,Apache Spark (New) - A cognitive assessment of type K,Cognitive skills assessment,K,Cognitive,Yes,No
ASP .NET with C# (New),https://www.shl.com/products/product-catalog/view/asp-net-with-c-new/,ASP .NET with C# (New) - A cognitive assessment of type K,Cognitive skills assessment,K,Cognitive,Yes,No
ASP.NET 4.5,https://www.shl.com/products/product-catalog/view/asp-net-4-5/,ASP.NET 4.5 - A cognitive assessment of type K,Cognitive skills assessment,K,Cognitive,Yes,Yes
Assessment and Development Center Exercises,https://www.shl.com/products/product-catalog/view/assessment-and-development-center-exercises/,Assessment and Development Center Exercises - A cognitive assessment of type E,Cognitive skills assessment,E,Cognitive,Yes,No
Automata - Fix (New),https://www.shl.com/products/product-catalog/view/automata-fix-new/,Automata - Fix (New) - A skills assessment of type S,Skills skills assessment,S,Skills,Yes,No
Automata - SQL (New),https://www.shl.com/products/product-catalog/view/automata-sql-new/,Automata - SQL (New) - A skills assessment of type S,Skills skills assessment,S,Skills,Yes,No
Automata (New),https://www.shl.com/products/product-catalog/view/automata-new/,Automata (New) - A skills assessment of type S,Skills skills assessment,S,Skills,Yes,No
Automata Data Science (New),https://www.shl.com/products/product-catalog/view/automata-data-science-new/,Automata Data Science (New) - A skills assessment of type S,Skills skills assessment,S,Skills,Yes,No
Automata Data Science Pro (New),https://www.shl.com/products/product-catalog/view/automata-data-science-pro-new/,Automata Data Science Pro (New) - A skills assessment of type S,Skills skills assessment,S,Skills,Yes,No
Automata Front End,https://www.shl.com/products/product-catalog/view/automata-front-end/,Automata Front End - A skills assessment of type S,Skills skills assessment,S,Skills,Yes,No
Automata Pro (New),https://www.shl.com/products/product-catalog/view/automata-pro-new/,Automata Pro (New) - A skills assessment of type S,Skills skills assessment,S,Skills,Yes,No
Automata Selenium,https://www.shl.com/products/product-catalog/view/automata-selenium/,Automata Selenium - A skills assessment of type S,Skills skills assessment,S,Skills,Yes,No
Automation Anywhere RPA Development (New),https://www.shl.com/products/product-catalog/view/automation-anywhere-rpa-development-new/,Automation Anywhere RPA Development (New) - A cognitive assessment of type K,Cognitive skills assessment,K,Cognitive,Yes,No
Automotive Engineering (New),https://www.shl.com/products/product-catalog/view/automotive-engineering-new/,Automotive Engineering (New) - A cognitive assessment of type K,Cognitive skills assessment,K,Cognitive,Yes,No
Basic Biology (New),https://www.shl.com/products/product-catalog/view/basic-biology-new/,Basic Biology (New) - A cognitive assessment of type K,Cognitive skills assessment,K,Cognitive,Yes,No
Basic Computer Literacy (Windows 10) (New),https://www.shl.com/products/product-catalog/view/basic-computer-literacy-windows-10-new/,Basic Computer Literacy (Windows 10) (New) - A cognitive assessment of type SK,Cognitive skills assessment,SK,Cognitive,Yes,No
Basic Statistics (New),https://www.shl.com/products/product-catalog/view/basic-statistics-new/,Basic Statistics (New) - A cognitive assessment of type K,Cognitive skills assessment,K,Cognitive,Yes,No
Biochemistry (New),https://www.shl.com/products/product-catalog/view/biochemistry-new/,Biochemistry (New) - A cognitive assessment of type K,Cognitive skills assessment,K,Cognitive,Yes,No
Biotech Lab Techniques (New),https://www.shl.com/products/product-catalog/view/biotech-lab-techniques-new/,Biotech Lab Techniques (New) - A cognitive assessment of type K,Cognitive skills assessment,K,Cognitive,Yes,No
BizTalk (New),https://www.shl.com/products/product-catalog/view/biztalk-new/,BizTalk (New) - A cognitive assessment of type K,Cognitive skills assessment,K,Cognitive,Yes,No
Business Communication (adaptive),https://www.shl.com/products/product-catalog/view/business-communication-adaptive/,Business Communication (adaptive) - A cognitive assessment of type K,Cognitive skills assessment,K,Cognitive,Yes,Yes
Business Communications,https://www.shl.com/products/product-catalog/view/business-communications/,Business Communications - A cognitive assessment of type K,Cognitive skills assessment,K,Cognitive,Yes,No
C Programming (New),https://www.shl.com/products/product-catalog/view/c-programming-new/,C Programming (New) - A cognitive assessment of type K,Cognitive skills assessment,K,Cognitive,Yes,No
C# Programming (New),https://www.shl.com/products/product-catalog/view/c-programming-new-4039/,C# Programming (New) - A cognitive assessment of type K,Cognitive skills assessment,K,Cognitive,Yes,No
C++ Programming (New),https://www.shl.com/products/product-catalog/view/c-programming-new-4122/,C++ Programming (New) - A cognitive assessment of type K,Cognitive skills assessment,K,Cognitive,Yes,No
Cardiology and Diabetes Management (New),https://www.shl.com/products/product-catalog/view/cardiology-and-diabetes-management-new/,Cardiology and Diabetes Management (New) - A cognitive assessment of type K,Cognitive skills assessment,K,Cognitive,Yes,No
Ceramic Engineering (New),https://www.shl.com/products/product-catalog/view/ceramic-engineering-new/,Ceramic Engineering (New) - A cognitive assessment of type K,Cognitive skills assessment,K,Cognitive,Yes,No
Chemical Engineering (New),https://www.shl.com/products/product-catalog/view/chemical-engineering-new/,Chemical Engineering (New) - A cognitive assessment of type K,Cognitive skills assessment,K,Cognitive,Yes,No
Cisco AppDynamics (New),https://www.shl.com/products/product-catalog/view/cisco-appdynamics-new/,Cisco AppDynamics (New) - A cognitive assessment of type K,Cognitive skills assessment,K,Cognitive,Yes,No
Civil Engineering (New),https://www.shl.com/products/product-catalog/view/civil-engineering-new/,Civil Engineering (New) - A cognitive assessment of type K,Cognitive skills assessment,K,Cognitive,Yes,No
Cloud Computing (New),https://www.shl.com/products/product-catalog/view/cloud-computing-new/,Cloud Computing (New) - A cognitive assessment of type K,Cognitive skills assessment,K,Cognitive,Yes,No
COBOL Programming (New),https://www.shl.com/products/product-catalog/view/cobol-programming-new/,COBOL Programming (New) - A cognitive assessment of type K,Cognitive skills assessment,K,Cognitive,Yes,No
Computer Science (New),https://www.shl.com/products/product-catalog/view/computer-science-new/,Computer Science (New) - A cognitive assessment of type K,Cognitive skills assessment,K,Cognitive,Yes,No
Contact Center Call Simulation (New),https://www.shl.com/products/product-catalog/view/contact-center-call-simulation-new/,Contact Center Call Simulation (New) - A skills assessment of type S,Skills skills assessment,S,Skills,Yes,No
Conversational Multichat Simulation,https://www.shl.com/products/product-catalog/view/conversational-multichat-simulation/,Conversational Multichat Simulation - A skills assessment of type S,Skills skills assessment,S,Skills,Yes,No
Core Java (Advanced Level) (New),https://www.shl.com/products/product-catalog/view/core-java-advanced-level-new/,Core Java (Advanced Level) (New) - A cognitive assessment of type K,Cognitive skills assessment,K,Cognitive,Yes,No
Core Java (Entry Level) (New),https://www.shl.com/products/product-catalog/view/core-java-entry-level-new/,Core Java (Entry Level) (New) - A cognitive assessment of type K,Cognitive skills assessment,K,Cognitive,Yes,No
Count Out The Money,https://www.shl.com/products/product-catalog/view/count-out-the-money/,Count Out The Money - A cognitive assessment of type KS,Cognitive skills assessment,KS,Cognitive,Yes,Yes
CSS3 (New),https://www.shl.com/products/product-catalog/view/css3-new/,CSS3 (New) - A cognitive assessment of type K,Cognitive skills assessment,K,Cognitive,Yes,No
Culinary Skills (New),https://www.shl.com/products/product-catalog/view/culinary-skills-new/,Culinary Skills (New) - A cognitive assessment of type K,Cognitive skills assessment,K,Cognitive,Yes,No
Customer Service Phone Simulation,https://www.shl.com/products/product-catalog/view/customer-service-phone-simulation/,Customer Service Phone Simulation - A skills assessment of type BS,Skills skills assessment,BS,Skills,Yes,No
Customer Service Phone Solution,https://www.shl.com/products/product-catalog/view/customer-service-phone-solution/,Customer Service Phone Solution - A cognitive assessment of type BPS,Cognitive skills assessment,BPS,Cognitive,Yes,No
Cyber Risk (New),https://www.shl.com/products/product-catalog/view/cyber-risk-new/,Cyber Risk (New) - A cognitive assessment of type K,Cognitive skills assessment,K,Cognitive,Yes,No
Data Entry (New),https://www.shl.com/products/product-catalog/view/data-entry-new/,Data Entry (New) - A skills assessment of type S,Skills skills assessment,S,Skills,Yes,No
Data Entry Alphanumeric Split Screen - US,https://www.shl.com/products/product-catalog/view/data-entry-alphanumeric-split-screen-us/,Data Entry Alphanumeric Split Screen - US - A cognitive assessment of type K,Cognitive skills assessment,K,Cognitive,Yes,No
Data Entry Numeric Split Screen - US,https://www.shl.com/products/product-catalog/view/data-entry-numeric-split-screen-us/,Data Entry Numeric Split Screen - US - A cognitive assessment of type K,Cognitive skills assessment,K,Cognitive,Yes,No
Data Entry Ten Key Split Screen,https://www.shl.com/products/product-catalog/view/data-entry-ten-key-split-screen/,Data Entry Ten Key Split Screen - A cognitive assessment of type K,Cognitive skills assessment,K,Cognitive,Yes,No
Data Science (New),https://www.shl.com/products/product-catalog/view/data-science-new/,Data Science (New) - A cognitive assessment of type K,Cognitive skills assessment,K,Cognitive,Yes,No
Data Warehousing Concepts,https://www.shl.com/products/product-catalog/view/data-warehousing-concepts/,Data Warehousing Concepts - A cognitive assessment of type K,Cognitive skills assessment,K,Cognitive,Yes,Yes
Dependability and Safety Instrument (DSI),https://www.shl.com/products/product-catalog/view/dependability-and-safety-instrument-dsi/,Dependability and Safety Instrument (DSI) - A personality assessment of type P,Personality skills assessment,P,Personality,Yes,No
Dermatology (New),https://www.shl.com/products/product-catalog/view/dermatology-new/,Dermatology (New) - A cognitive assessment of type K,Cognitive skills assessment,K,Cognitive,Yes,No
Desktop Support (New),https://www.shl.com/products/product-catalog/view/desktop-support-new/,Desktop Support (New) - A cognitive assessment of type K,Cognitive skills assessment,K,Cognitive,Yes,No
Digital Advertising (New),https://www.shl.com/products/product-catalog/view/digital-advertising-new/,Digital Advertising (New) - A cognitive assessment of type K,Cognitive skills assessment,K,Cognitive,Yes,No
Digital Readiness Development Report - IC,https://www.shl.com/products/product-catalog/view/digital-readiness-development-report/,Digital Readiness Development Report - IC - A personality assessment of type P,Personality skills assessment,P,Personality,Yes,No
Digital Readiness Development Report - Manager,https://www.shl.com/products/product-catalog/view/digital-readiness-development-report-manager/,Digital Readiness Development Report - Manager - A personality assessment of type P,Personality skills assessment,P,Personality,Yes,No
Docker (New),https://www.shl.com/products/product-catalog/view/docker-new/,Docker (New) - A cognitive assessment of type K,Cognitive skills assessment,K,Cognitive,Yes,No
Dojo (New),https://www.shl.com/products/product-catalog/view/dojo-new/,Dojo (New) - A cognitive assessment of type K,Cognitive skills assessment,K,Cognitive,Yes,No
Drupal (New),https://www.shl.com/products/product-catalog/view/drupal-new/,Drupal (New) - A cognitive assessment of type K,Cognitive skills assessment,K,Cognitive,Yes,No
DSI v1.1 Interpretation Report,https://www.shl.com/products/product-catalog/view/dsi-v1-1-interpretation-report/,DSI v1.1 Interpretation Report - A personality assessment of type P,Personality skills assessment,P,Personality,Yes,No
Econometrics (New),https://www.shl.com/products/product-catalog/view/econometrics-new/,Econometrics (New) - A cognitive assessment of type K,Cognitive skills assessment,K,Cognitive,Yes,No
Economics (New),https://www.shl.com/products/product-catalog/view/economics-new/,Economics (New) - A cognitive assessment of type K,Cognitive skills assessment,K,Cognitive,Yes,No
Electrical and Electronics Engineering (New),https://www.shl.com/products/product-catalog/view/electrical-and-electronics-engineering-new/,Electrical and Electronics Engineering (New) - A cognitive assessment of type K,Cognitive skills assessment,K,Cognitive,Yes,No
Electrical Engineering (New),https://www.shl.com/products/product-catalog/view/electrical-engineering-new/,Electrical Engineering (New) - A cognitive assessment of type K,Cognitive skills assessment,K,Cognitive,Yes,No
Electronics & Telecommunications Engineering (New),https://www.shl.com/products/product-catalog/view/electronics-and-telecommunications-engineering-new/,Electronics & Telecommunications Engineering (New) - A cognitive assessment of type K,Cognitive skills assessment,K,Cognitive,Yes,No
Electronics and Embedded Systems Engineering (New),https://www.shl.com/products/product-catalog/view/electronics-and-embedded-systems-engineering-new/,Electronics and Embedded Systems Engineering (New) - A cognitive assessment of type K,Cognitive skills assessment,K,Cognitive,Yes,No
Electronics and Semiconductor Engineering (New),https://www.shl.com/products/product-catalog/view/electronics-and-semiconductor-engineering-new/,Electronics and Semiconductor Engineering (New) - A cognitive assessment of type K,Cognitive skills assessment,K,Cognitive,Yes,No
English Comprehension (New),https://www.shl.com/products/product-catalog/view/english-comprehension-new/,English Comprehension (New) - A cognitive assessment of type K,Cognitive skills assessment,K,Cognitive,Yes,No
Enterprise Java Beans (New),https://www.shl.com/products/product-catalog/view/enterprise-java-beans-new/,Enterprise Java Beans (New) - A cognitive assessment of type K,Cognitive skills assessment,K,Cognitive,Yes,No
Enterprise Leadership Report 1.0,https://www.shl.com/products/product-catalog/view/enterprise-leadership-report/,Enterprise Leadership Report 1.0 - A personality assessment of type P,Personality skills assessment,P,Personality,Yes,No
Enterprise Leadership Report 2.0,https://www.shl.com/products/product-catalog/view/enterprise-leadership-report-2-0/,Enterprise Leadership Report 2.0 - A personality assessment of type P,Personality skills assessment,P,Personality,Yes,No
Entry Level Cashier Solution,https://www.shl.com/products/product-catalog/view/entry-level-cashier-solution/,Entry Level Cashier Solution - A cognitive assessment of type CP,Cognitive skills assessment,CP,Cognitive,Yes,No
Entry Level Customer Serv-Retail & Contact Center,https://www.shl.com/products/product-catalog/view/entry-level-customer-serv-retail-and-contact-center/,Entry Level Customer Serv-Retail & Contact Center - A cognitive assessment of type PC,Cognitive skills assessment,PC,Cognitive,Yes,No
Entry Level Customer Service (General) Solution,https://www.shl.com/products/product-catalog/view/entry-level-customer-service-general-solution/,Entry Level Customer Service (General) Solution - A cognitive assessment of type CP,Cognitive skills assessment,CP,Cognitive,Yes,No
Entry Level Hotel Front Desk Solution,https://www.shl.com/products/product-catalog/view/entry-level-hotel-front-desk-solution/,Entry Level Hotel Front Desk Solution - A cognitive assessment of type CP,Cognitive skills assessment,CP,Cognitive,Yes,No
Entry Level Sales Solution,https://www.shl.com/products/product-catalog/view/entry-level-sales-solution/,Entry Level Sales Solution - A cognitive assessment of type CP,Cognitive skills assessment,CP,Cognitive,Yes,No
Entry Level Technical Support Solution,https://www.shl.com/products/product-catalog/view/entry-level-technical-support-solution/,Entry Level Technical Support Solution - A skills assessment of type PC,Skills skills assessment,PC,Skills,Yes,No
ETL Testing (New),https://www.shl.com/products/product-catalog/view/etl-testing-new/,ETL Testing (New) - A cognitive assessment of type K,Cognitive skills assessment,K,Cognitive,Yes,No
Executive Scenarios,https://www.shl.com/products/product-catalog/view/executive-scenarios/,Executive Scenarios - A behavioral assessment of type B,Behavioral skills assessment,B,Behavioral,Yes,No
Executive Scenarios Narrative Report,https://www.shl.com/products/product-catalog/view/executive-scenarios-narrative-report/,Executive Scenarios Narrative Report - A behavioral assessment of type B,Behavioral skills assessment,B,Behavioral,Yes,No
Executive Scenarios Profile Report,https://www.shl.com/products/product-catalog/view/executive-scenarios-profile-report/,Executive Scenarios Profile Report - A behavioral assessment of type B,Behavioral skills assessment,B,Behavioral,Yes,No
ExpressJS (New),https://www.shl.com/products/product-catalog/view/expressjs-new/,ExpressJS (New) - A cognitive assessment of type K,Cognitive skills assessment,K,Cognitive,Yes,No
Filing - Names (R1),https://www.shl.com/products/product-catalog/view/filing-names-r1/,Filing - Names (R1) - A cognitive assessment of type K,Cognitive skills assessment,K,Cognitive,Yes,No
Filing - Numbers,https://www.shl.com/products/product-catalog/view/filing-numbers/,Filing - Numbers - A cognitive assessment of type K,Cognitive skills assessment,K,Cognitive,Yes,No
Financial Accounting (New),https://www.shl.com/products/product-catalog/view/financial-accounting-new/,Financial Accounting (New) - A cognitive assessment of type K,Cognitive skills assessment,K,Cognitive,Yes,No
Financial and Banking Services (New),https://www.shl.com/products/product-catalog/view/financial-and-banking-services-new/,Financial and Banking Services (New) - A cognitive assessment of type K,Cognitive skills assessment,K,Cognitive,Yes,No
Fire Engineering (New),https://www.shl.com/products/product-catalog/view/fire-engineering-new/,Fire Engineering (New) - A cognitive assessment of type K,Cognitive skills assessment,K,Cognitive,Yes,No
Following Instructions v1 - UK (R1),https://www.shl.com/products/product-catalog/view/following-instructions-v1-uk-r1/,Following Instructions v1 - UK (R1) - A cognitive assessment of type K,Cognitive skills assessment,K,Cognitive,Yes,No
Following Instructions v1 - US (R2),https://www.shl.com/products/product-catalog/view/following-instructions-v1-us-r2/,Following Instructions v1 - US (R2) - A cognitive assessment of type K,Cognitive skills assessment,K,Cognitive,Yes,No
Food and Beverage Services (New),https://www.shl.com/products/product-catalog/view/food-and-beverage-services-new/,Food and Beverage Services (New) - A cognitive assessment of type K,Cognitive skills assessment,K,Cognitive,Yes,No
Food Science (New),https://www.shl.com/products/product-catalog/view/food-science-new/,Food Science (New) - A cognitive assessment of type K,Cognitive skills assessment,K,Cognitive,Yes,No
Front Office Management (New),https://www.shl.com/products/product-catalog/view/front-office-management-new/,Front Office Management (New) - A cognitive assessment of type K,Cognitive skills assessment,K,Cognitive,Yes,No
Fundamentals of Chemistry (New),https://www.shl.com/products/product-catalog/view/fundamentals-of-chemistry-new/,Fundamentals of Chemistry (New) - A cognitive assessment of type K,Cognitive skills assessment,K,Cognitive,Yes,No
Fundamentals of Physics (New),https://www.shl.com/products/product-catalog/view/fundamentals-of-physics-new/,Fundamentals of Physics (New) - A cognitive assessment of type K,Cognitive skills assessment,K,Cognitive,Yes,No
General Diseases (New),https://www.shl.com/products/product-catalog/view/general-diseases-new/,General Diseases (New) - A cognitive assessment of type K,Cognitive skills assessment,K,Cognitive,Yes,No
Geoinformatics Engineering (New),https://www.shl.com/products/product-catalog/view/geoinformatics-engineering-new/,Geoinformatics Engineering (New) - A cognitive assessment of type K,Cognitive skills assessment,K,Cognitive,Yes,No
Geoscience Engineering (New),https://www.shl.com/products/product-catalog/view/geoscience-engineering-new/,Geoscience Engineering (New) - A cognitive assessment of type K,Cognitive skills assessment,K,Cognitive,Yes,No
GIT (New),https://www.shl.com/products/product-catalog/view/git-new/,GIT (New) - A cognitive assessment of type K,Cognitive skills assessment,K,Cognitive,Yes,No
Global Skills Assessment,https://www.shl.com/products/product-catalog/view/global-skills-assessment/,Global Skills Assessment - A skills assessment of type CK,Skills skills assessment,CK,Skills,Yes,No
Graduate Scenarios,https://www.shl.com/products/product-catalog/view/graduate-scenarios/,Graduate Scenarios - A behavioral assessment of type B,Behavioral skills assessment,B,Behavioral,Yes,No
Graduate Scenarios Narrative Report,https://www.shl.com/products/product-catalog/view/graduate-scenarios-narrative-report/,Graduate Scenarios Narrative Report - A behavioral assessment of type B,Behavioral skills assessment,B,Behavioral,Yes,No
Graduate Scenarios Profile Report,https://www.shl.com/products/product-catalog/view/graduate-scenarios-profile-report/,Graduate Scenarios Profile Report - A behavioral assessment of type B,Behavioral skills assessment,B,Behavioral,Yes,No
Hibernate (New),https://www.shl.com/products/product-catalog/view/hibernate-new/,Hibernate (New) - A cognitive assessment of type K,Cognitive skills assessment,K,Cognitive,Yes,No
HIPAA (Security),https://www.shl.com/products/product-catalog/view/hipaa-security/,HIPAA (Security) - A cognitive assessment of type K,Cognitive skills assessment,K,Cognitive,Yes,Yes
HiPo Assessment Report 1.0,https://www.shl.com/products/product-catalog/view/hipo-assessment-report-1-0/,HiPo Assessment Report 1.0 - A cognitive assessment of type CP,Cognitive skills assessment,CP,Cognitive,Yes,No
HiPo Assessment Report 2.0,https://www.shl.com/products/product-catalog/view/hipo-assessment-report-2-0/,HiPo Assessment Report 2.0 - A cognitive assessment of type CP,Cognitive skills assessment,CP,Cognitive,Yes,No
HiPo Unlocking Potential Report 2.0,https://www.shl.com/products/product-catalog/view/hipo-unlocking-potential-report-2-0/,HiPo Unlocking Potential Report 2.0 - A cognitive assessment of type C,Cognitive skills assessment,C,Cognitive,Yes,No
Housekeeping (New),https://www.shl.com/products/product-catalog/view/housekeeping-new/,Housekeeping (New) - A cognitive assessment of type K,Cognitive skills assessment,K,Cognitive,Yes,No
HTML/CSS (New),https://www.shl.com/products/product-catalog/view/htmlcss-new/,HTML/CSS (New) - A cognitive assessment of type K,Cognitive skills assessment,K,Cognitive,Yes,No
HTML5 (New),https://www.shl.com/products/product-catalog/view/html5-new/,HTML5 (New) - A cognitive assessment of type K,Cognitive skills assessment,K,Cognitive,Yes,No
Human Resources (New),https://www.shl.com/products/product-catalog/view/human-resources-new/,Human Resources (New) - A cognitive assessment of type K,Cognitive skills assessment,K,Cognitive,Yes,No
IBM DataStage (New),https://www.shl.com/products/product-catalog/view/ibm-datastage-new/,IBM DataStage (New) - A cognitive assessment of type K,Cognitive skills assessment,K,Cognitive,Yes,No
IBM Sterling Order Management System (New),https://www.shl.com/products/product-catalog/view/ibm-sterling-order-management-system-new/,IBM Sterling Order Management System (New) - A cognitive assessment of type K,Cognitive skills assessment,K,Cognitive,Yes,No
Industrial Engineering (New),https://www.shl.com/products/product-catalog/view/industrial-engineering-new/,Industrial Engineering (New) - A cognitive assessment of type K,Cognitive skills assessment,K,Cognitive,Yes,No
Informatica (Architecture) (New),https://www.shl.com/products/product-catalog/view/informatica-architecture-new/,Informatica (Architecture) (New) - A cognitive assessment of type K,Cognitive skills assessment,K,Cognitive,Yes,No
Informatica (Developer) (New),https://www.shl.com/products/product-catalog/view/informatica-developer-new/,Informatica (Developer) (New) - A cognitive assessment of type K,Cognitive skills assessment,K,Cognitive,Yes,No
Instrumentation Engineering (New),https://www.shl.com/products/product-catalog/view/instrumentation-engineering-new/,Instrumentation Engineering (New) - A cognitive assessment of type K,Cognitive skills assessment,K,Cognitive,Yes,No
Interpersonal Communications,https://www.shl.com/products/product-catalog/view/interpersonal-communications/,Interpersonal Communications - A cognitive assessment of type K,Cognitive skills assessment,K,Cognitive,Yes,Yes
Interviewing and Hiring Concepts (U.S.),https://www.shl.com/products/product-catalog/view/interviewing-and-hiring-concepts-u-s/,Interviewing and Hiring Concepts (U.S.) - A cognitive assessment of type K,Cognitive skills assessment,K,Cognitive,Yes,Yes
iOS Development (New),https://www.shl.com/products/product-catalog/view/ios-development-new/,iOS Development (New) - A cognitive assessment of type K,Cognitive skills assessment,K,Cognitive,Yes,No
ITIL (IT Infrastructure Library) (New),https://www.shl.com/products/product-catalog/view/itil-it-infrastructure-library-new/,ITIL (IT Infrastructure Library) (New) - A cognitive assessment of type K,Cognitive skills assessment,K,Cognitive,Yes,No
Java 2 Platform Enterprise Edition 1.4 Fundamental,https://www.shl.com/products/product-catalog/view/java-2-platform-enterprise-edition-1-4-fundamental/,Java 2 Platform Enterprise Edition 1.4 Fundamental - A cognitive assessment of type K,Cognitive skills assessment,K,Cognitive,Yes,Yes
Java 8 (New),https://www.shl.com/products/product-catalog/view/java-8-new/,Java 8 (New) - A cognitive assessment of type K,Cognitive skills assessment,K,Cognitive,Yes,No
Java Design Patterns (New),https://www.shl.com/products/product-catalog/view/java-design-patterns-new/,Java Design Patterns (New) - A cognitive assessment of type K,Cognitive skills assessment,K,Cognitive,Yes,No
Java Frameworks (New),https://www.shl.com/products/product-catalog/view/java-frameworks-new/,Java Frameworks (New) - A cognitive assessment of type K,Cognitive skills assessment,K,Cognitive,Yes,No
Java Platform Enterprise Edition 7 (Java EE 7),https://www.shl.com/products/product-catalog/view/java-platform-enterprise-edition-7-java-ee-7/,Java Platform Enterprise Edition 7 (Java EE 7) - A cognitive assessment of type K,Cognitive skills assessment,K,Cognitive,Yes,Yes
Java Web Services (New),https://www.shl.com/products/product-catalog/view/java-web-services-new/,Java Web Services (New) - A cognitive assessment of type K,Cognitive skills assessment,K,Cognitive,Yes,No
JavaScript (New),https://www.shl.com/products/product-catalog/view/javascript-new/,JavaScript (New) - A cognitive assessment of type K,Cognitive skills assessment,K,Cognitive,Yes,No
Jenkins (New),https://www.shl.com/products/product-catalog/view/jenkins-new/,Jenkins (New) - A cognitive assessment of type K,Cognitive skills assessment,K,Cognitive,Yes,No
Job Control Language (New),https://www.shl.com/products/product-catalog/view/job-control-language-new/,Job Control Language (New) - A cognitive assessment of type K,Cognitive skills assessment,K,Cognitive,Yes,No
jQuery (New),https://www.shl.com/products/product-catalog/view/jquery-new/,jQuery (New) - A cognitive assessment of type K,Cognitive skills assessment,K,Cognitive,Yes,No
Kubernetes (New),https://www.shl.com/products/product-catalog/view/kubernetes-new/,Kubernetes (New) - A cognitive assessment of type K,Cognitive skills assessment,K,Cognitive,Yes,No
Linux Administration (New),https://www.shl.com/products/product-catalog/view/linux-administration-new/,Linux Administration (New) - A cognitive assessment of type K,Cognitive skills assessment,K,Cognitive,Yes,No
Linux Operating System,https://www.shl.com/products/product-catalog/view/linux-operating-system/,Linux Operating System - A cognitive assessment of type K,Cognitive skills assessment,K,Cognitive,Yes,No
Linux Programming (General),https://www.shl.com/products/product-catalog/view/linux-programming-general/,Linux Programming (General) - A cognitive assessment of type K,Cognitive skills assessment,K,Cognitive,Yes,Yes
Load Runner (New),https://www.shl.com/products/product-catalog/view/load-runner-new/,Load Runner (New) - A cognitive assessment of type K,Cognitive skills assessment,K,Cognitive,Yes,No
Management Scenarios,https://www.shl.com/products/product-catalog/view/management-scenarios/,Management Scenarios - A behavioral assessment of type B,Behavioral skills assessment,B,Behavioral,Yes,No
Managerial Scenarios Candidate Report,https://www.shl.com/products/product-catalog/view/managerial-scenarios-candidate-report/,Managerial Scenarios Candidate Report - A behavioral assessment of type B,Behavioral skills assessment,B,Behavioral,Yes,No
Managerial Scenarios Narrative Report,https://www.shl.com/products/product-catalog/view/managerial-scenarios-narrative-report/,Managerial Scenarios Narrative Report - A behavioral assessment of type B,Behavioral skills assessment,B,Behavioral,Yes,No
Managerial Scenarios Profile Report,https://www.shl.com/products/product-catalog/view/managerial-scenarios-profile-report/,Managerial Scenarios Profile Report - A behavioral assessment of type B,Behavioral skills assessment,B,Behavioral,Yes,No
Manual Testing (New),https://www.shl.com/products/product-catalog/view/manual-testing-new/,Manual Testing (New) - A cognitive assessment of type K,Cognitive skills assessment,K,Cognitive,Yes,No
Manufac. & Indust. - Mechanical & Vigilance 8.0,https://www.shl.com/products/product-catalog/view/mechanical-and-vigilance-focus-8-0/,Manufac. & Indust. - Mechanical & Vigilance 8.0 - A cognitive assessment of type AP,Cognitive skills assessment,AP,Cognitive,Yes,No
Manufac. & Indust. - Safety & Dependability 8.0,https://www.shl.com/products/product-catalog/view/safety-and-dependability-focus-8-0/,Manufac. & Indust. - Safety & Dependability 8.0 - A personality assessment of type P,Personality skills assessment,P,Personality,Yes,No
Manufacturing & Industrial - Essential Focus 8.0,https://www.shl.com/products/product-catalog/view/essential-focus-8-0/,Manufacturing & Industrial - Essential Focus 8.0 - A personality assessment of type P,Personality skills assessment,P,Personality,Yes,No
Manufacturing & Industrial - Mechanical Focus 8.0,https://www.shl.com/products/product-catalog/view/mechanical-focus-8-0/,Manufacturing & Industrial - Mechanical Focus 8.0 - A cognitive assessment of type AP,Cognitive skills assessment,AP,Cognitive,Yes,No
Manufacturing & Industrial - Vigilance Focus 8.0,https://www.shl.com/products/product-catalog/view/vigilance-focus-8-0/,Manufacturing & Industrial - Vigilance Focus 8.0 - A cognitive assessment of type AP,Cognitive skills assessment,AP,Cognitive,Yes,No
Marketing (New),https://www.shl.com/products/product-catalog/view/marketing-new/,Marketing (New) - A cognitive assessment of type K,Cognitive skills assessment,K,Cognitive,Yes,No
Maven (New),https://www.shl.com/products/product-catalog/view/maven-new/,Maven (New) - A cognitive assessment of type K,Cognitive skills assessment,K,Cognitive,Yes,No
Mechanical Engineering (New),https://www.shl.com/products/product-catalog/view/mechanical-engineering-new/,Mechanical Engineering (New) - A cognitive assessment of type K,Cognitive skills assessment,K,Cognitive,Yes,No
Mechatronics Engineering (New),https://www.shl.com/products/product-catalog/view/mechatronics-engineering-new/,Mechatronics Engineering (New) - A cognitive assessment of type K,Cognitive skills assessment,K,Cognitive,Yes,No
Medical Terminology (New),https://www.shl.com/products/product-catalog/view/medical-terminology-new/,Medical Terminology (New) - A cognitive assessment of type K,Cognitive skills assessment,K,Cognitive,Yes,No
Metallurgical Engineering (New),https://www.shl.com/products/product-catalog/view/metallurgical-engineering-new/,Metallurgical Engineering (New) - A cognitive assessment of type K,Cognitive skills assessment,K,Cognitive,Yes,No
MFS 360 Enterprise Leadership Report,https://www.shl.com/products/product-catalog/view/mfs-360-enterprise-leadership-report/,MFS 360 Enterprise Leadership Report - A cognitive assessment of type D,Cognitive skills assessment,D,Cognitive,Yes,No
MFS 360 UCF Group Report,https://www.shl.com/products/product-catalog/view/mfs-360-ucf-group-report/,MFS 360 UCF Group Report - A cognitive assessment of type D,Cognitive skills assessment,D,Cognitive,Yes,No
MFS 360 UCF Performance Potential Dev Tips Report,https://www.shl.com/products/product-catalog/view/mfs-360-ucf-performance-potential-dev-tips-report/,MFS 360 UCF Performance Potential Dev Tips Report - A cognitive assessment of type D,Cognitive skills assessment,D,Cognitive,Yes,No
MFS 360 UCF Standard Report,https://www.shl.com/products/product-catalog/view/mfs-360-ucf-standard-report/,MFS 360 UCF Standard Report - A cognitive assessment of type D,Cognitive skills assessment,D,Cognitive,Yes,No
Micro Focus Unified Functional Testing (New),https://www.shl.com/products/product-catalog/view/micro-focus-unified-functional-testing-new/,Micro Focus Unified Functional Testing (New) - A cognitive assessment of type K,Cognitive skills assessment,K,Cognitive,Yes,No
Microservices (New),https://www.shl.com/products/product-catalog/view/microservices-new/,Microservices (New) - A cognitive assessment of type K,Cognitive skills assessment,K,Cognitive,Yes,No
Microsoft Dynamics Development (New),https://www.shl.com/products/product-catalog/view/microsoft-dynamics-development-new/,Microsoft Dynamics Development (New) - A cognitive assessment of type K,Cognitive skills assessment,K,Cognitive,Yes,No
Microsoft Excel 365 - Essentials (New),https://www.shl.com/products/product-catalog/view/microsoft-excel-365-essentials-new/,Microsoft Excel 365 - Essentials (New) - A cognitive assessment of type KS,Cognitive skills assessment,KS,Cognitive,Yes,No
Microsoft Excel 365 (New),https://www.shl.com/products/product-catalog/view/microsoft-excel-365-new/,Microsoft Excel 365 (New) - A cognitive assessment of type KS,Cognitive skills assessment,KS,Cognitive,Yes,No
Microsoft Outlook 2013 (adaptive),https://www.shl.com/products/product-catalog/view/microsoft-outlook-2013-adaptive/,Microsoft Outlook 2013 (adaptive) - A cognitive assessment of type K,Cognitive skills assessment,K,Cognitive,Yes,Yes
Microsoft PowerPoint 365 - Essentials (New),https://www.shl.com/products/product-catalog/view/microsoft-powerpoint-365-essentials-new/,Microsoft PowerPoint 365 - Essentials (New) - A cognitive assessment of type KS,Cognitive skills assessment,KS,Cognitive,Yes,No
Microsoft SQL Server 2014 Programming,https://www.shl.com/products/product-catalog/view/microsoft-sql-server-2014-programming/,Microsoft SQL Server 2014 Programming - A cognitive assessment of type K,Cognitive skills assessment,K,Cognitive,Yes,Yes
Microsoft Windows Server 2012 Administration,https://www.shl.com/products/product-catalog/view/microsoft-windows-server-2012-administration/,Microsoft Windows Server 2012 Administration - A cognitive assessment of type K,Cognitive skills assessment,K,Cognitive,Yes,Yes
Microsoft Word 365 - Essentials (New),https://www.shl.com/products/product-catalog/view/microsoft-word-365-essentials-new/,Microsoft Word 365 - Essentials (New) - A cognitive assessment of type KS,Cognitive skills assessment,KS,Cognitive,Yes,No
Microsoft Word 365 (New),https://www.shl.com/products/product-catalog/view/microsoft-word-365-new/,Microsoft Word 365 (New) - A cognitive assessment of type SK,Cognitive skills assessment,SK,Cognitive,Yes,No
Mineral Engineering (New),https://www.shl.com/products/product-catalog/view/mineral-engineering-new/,Mineral Engineering (New) - A cognitive assessment of type K,Cognitive skills assessment,K,Cognitive,Yes,No
Mining Engineering (New),https://www.shl.com/products/product-catalog/view/mining-engineering-new/,Mining Engineering (New) - A cognitive assessment of type K,Cognitive skills assessment,K,Cognitive,Yes,No
Mobility (New),https://www.shl.com/products/product-catalog/view/mobility-new/,Mobility (New) - A cognitive assessment of type K,Cognitive skills assessment,K,Cognitive,Yes,No
Molecular Biology (New),https://www.shl.com/products/product-catalog/view/molecular-biology-new/,Molecular Biology (New) - A cognitive assessment of type K,Cognitive skills assessment,K,Cognitive,Yes,No
MongoDB (New),https://www.shl.com/products/product-catalog/view/mongodb-new/,MongoDB (New) - A cognitive assessment of type K,Cognitive skills assessment,K,Cognitive,Yes,No
Motivation Questionnaire MQM5,https://www.shl.com/products/product-catalog/view/motivation-questionnaire-mqm5/,Motivation Questionnaire MQM5 - A personality assessment of type P,Personality skills assessment,P,Personality,Yes,No
MQ Candidate Motivation Report,https://www.shl.com/products/product-catalog/view/mq-candidate-motivation-report/,MQ Candidate Motivation Report - A personality assessment of type P,Personality skills assessment,P,Personality,Yes,No
MQ Employee Motivation Report,https://www.shl.com/products/product-catalog/view/mq-employee-motivation-report/,MQ Employee Motivation Report - A personality assessment of type P,Personality skills assessment,P,Personality,Yes,No
MQ Motivation Report Pack,https://www.shl.com/products/product-catalog/view/mq-motivation-report-pack/,MQ Motivation Report Pack - A personality assessment of type P,Personality skills assessment,P,Personality,Yes,No
MQ Profile,https://www.shl.com/products/product-catalog/view/mq-profile/,MQ Profile - A personality assessment of type P,Personality skills assessment,P,Personality,Yes,No
MS Access (New),https://www.shl.com/products/product-catalog/view/ms-access-new/,MS Access (New) - A cognitive assessment of type K,Cognitive skills assessment,K,Cognitive,Yes,No
MS Excel (New),https://www.shl.com/products/product-catalog/view/ms-excel-new/,MS Excel (New) - A cognitive assessment of type K,Cognitive skills assessment,K,Cognitive,Yes,No
MS Office Basic Computer Literacy (New),https://www.shl.com/products/product-catalog/view/ms-office-basic-computer-literacy-new/,MS Office Basic Computer Literacy (New) - A cognitive assessment of type K,Cognitive skills assessment,K,Cognitive,Yes,No
MS Office Basic Computer Literacy (Sim) (New),https://www.shl.com/products/product-catalog/view/ms-office-basic-computer-literacy-sim-new/,MS Office Basic Computer Literacy (Sim) (New) - A skills assessment of type S,Skills skills assessment,S,Skills,Yes,No
MS PowerPoint (New),https://www.shl.com/products/product-catalog/view/ms-powerpoint-new/,MS PowerPoint (New) - A cognitive assessment of type K,Cognitive skills assessment,K,Cognitive,Yes,No
MS Word (New),https://www.shl.com/products/product-catalog/view/ms-word-new/,MS Word (New) - A cognitive assessment of type K,Cognitive skills assessment,K,Cognitive,Yes,No
MuleSoft Development (New),https://www.shl.com/products/product-catalog/view/mulesoft-development-new/,MuleSoft Development (New) - A cognitive assessment of type K,Cognitive skills assessment,K,Cognitive,Yes,No
Multitasking Ability,https://www.shl.com/products/product-catalog/view/multitasking-ability/,Multitasking Ability - A cognitive assessment of type AKS,Cognitive skills assessment,AKS,Cognitive,Yes,No
Networking and Implementation (New),https://www.shl.com/products/product-catalog/view/networking-and-implementation-new/,Networking and Implementation (New) - A cognitive assessment of type K,Cognitive skills assessment,K,Cognitive,Yes,No
Node.js (New),https://www.shl.com/products/product-catalog/view/node-js-new/,Node.js (New) - A cognitive assessment of type K,Cognitive skills assessment,K,Cognitive,Yes,No
Nursing (New),https://www.shl.com/products/product-catalog/view/nursing-new/,Nursing (New) - A cognitive assessment of type K,Cognitive skills assessment,K,Cognitive,Yes,No
Occupational Personality Questionnaire OPQ32r,https://www.shl.com/products/product-catalog/view/occupational-personality-questionnaire-opq32r/,Occupational Personality Questionnaire OPQ32r - A personality assessment of type P,Personality skills assessment,P,Personality,Yes,No
Operations Management (New),https://www.shl.com/products/product-catalog/view/operations-management-new/,Operations Management (New) - A cognitive assessment of type K,Cognitive skills assessment,K,Cognitive,Yes,No
OPQ Candidate Plus Report,https://www.shl.com/products/product-catalog/view/opq-candidate-plus-report/,OPQ Candidate Plus Report - A personality assessment of type P,Personality skills assessment,P,Personality,Yes,No
OPQ Candidate Report 2.0,https://www.shl.com/products/product-catalog/view/opq-candidate-report-2-0/,OPQ Candidate Report 2.0 - A personality assessment of type P,Personality skills assessment,P,Personality,Yes,No
OPQ Emotional Intelligence Report,https://www.shl.com/products/product-catalog/view/opq-emotional-intelligence-report/,OPQ Emotional Intelligence Report - A personality assessment of type P,Personality skills assessment,P,Personality,Yes,No
OPQ Leadership Report,https://www.shl.com/products/product-catalog/view/opq-leadership-report/,OPQ Leadership Report - A personality assessment of type P,Personality skills assessment,P,Personality,Yes,No
OPQ Manager Plus Report,https://www.shl.com/products/product-catalog/view/opq-manager-plus-report/,OPQ Manager Plus Report - A personality assessment of type P,Personality skills assessment,P,Personality,Yes,No
OPQ Manager Plus Report 2.0,https://www.shl.com/products/product-catalog/view/opq-manager-plus-report-2-0/,OPQ Manager Plus Report 2.0 - A personality assessment of type P,Personality skills assessment,P,Personality,Yes,No
OPQ Maximising your Learning Report,https://www.shl.com/products/product-catalog/view/opq-maximising-your-learning-report/,OPQ Maximising your Learning Report - A personality assessment of type P,Personality skills assessment,P,Personality,Yes,No
OPQ MQ Sales Report,https://www.shl.com/products/product-catalog/view/opq-mq-sales-report/,OPQ MQ Sales Report - A personality assessment of type P,Personality skills assessment,P,Personality,Yes,No
OPQ Premium Plus Report,https://www.shl.com/products/product-catalog/view/opq-premium-plus-report/,OPQ Premium Plus Report - A personality assessment of type P,Personality skills assessment,P,Personality,Yes,No
OPQ Premium Plus Report 2.0,https://www.shl.com/products/product-catalog/view/opq-premium-plus-report-2-0/,OPQ Premium Plus Report 2.0 - A personality assessment of type P,Personality skills assessment,P,Personality,Yes,No
OPQ Profile Report,https://www.shl.com/products/product-catalog/view/opq-profile-report/,OPQ Profile Report - A personality assessment of type P,Personality skills assessment,P,Personality,Yes,No
OPQ Team Impact Group Development Report,https://www.shl.com/products/product-catalog/view/opq-team-impact-group-development-report/,OPQ Team Impact Group Development Report - A personality assessment of type P,Personality skills assessment,P,Personality,Yes,No
OPQ Team Impact Individual Development Report,https://www.shl.com/products/product-catalog/view/opq-team-impact-individual-development-report/,OPQ Team Impact Individual Development Report - A personality assessment of type P,Personality skills assessment,P,Personality,Yes,No
OPQ Team Impact Selection Report,https://www.shl.com/products/product-catalog/view/opq-team-impact-selection-report/,OPQ Team Impact Selection Report - A personality assessment of type P,Personality skills assessment,P,Personality,Yes,No
OPQ Team Types & Leadership Styles Profile,https://www.shl.com/products/product-catalog/view/opq-team-types-and-leadership-styles-profile/,OPQ Team Types & Leadership Styles Profile - A personality assessment of type P,Personality skills assessment,P,Personality,Yes,No
OPQ Team Types and Leadership Styles Report,https://www.shl.com/products/product-catalog/view/opq-team-types-and-leadership-styles-report/,OPQ Team Types and Leadership Styles Report - A personality assessment of type P,Personality skills assessment,P,Personality,Yes,No
OPQ UCF Development Action Planner Report 1.0,https://www.shl.com/products/product-catalog/view/opq-ucf-development-action-planner-report/,OPQ UCF Development Action Planner Report 1.0 - A personality assessment of type P,Personality skills assessment,P,Personality,Yes,No
OPQ UCF Development Action Planner Report 2.0,https://www.shl.com/products/product-catalog/view/opq-ucf-development-action-planner-report-2-0/,OPQ UCF Development Action Planner Report 2.0 - A personality assessment of type P,Personality skills assessment,P,Personality,Yes,No
OPQ Universal Competency Report 1.0,https://www.shl.com/products/product-catalog/view/opq-universal-competency-report/,OPQ Universal Competency Report 1.0 - A personality assessment of type P,Personality skills assessment,P,Personality,Yes,No
OPQ Universal Competency Report 2.0,https://www.shl.com/products/product-catalog/view/opq-universal-competency-report-2-0/,OPQ Universal Competency Report 2.0 - A personality assessment of type P,Personality skills assessment,P,Personality,Yes,No
OPQ User and Managers Report,https://www.shl.com/products/product-catalog/view/opq-user-and-managers-report/,OPQ User and Managers Report - A personality assessment of type P,Personality skills assessment,P,Personality,Yes,No
OPQ User Report,https://www.shl.com/products/product-catalog/view/opq-user-report/,OPQ User Report - A cognitive assessment of type PS,Cognitive skills assessment,PS,Cognitive,Yes,No
Oracle DBA (Advanced Level) (New),https://www.shl.com/products/product-catalog/view/oracle-dba-advanced-level-new/,Oracle DBA (Advanced Level) (New) - A cognitive assessment of type K,Cognitive skills assessment,K,Cognitive,Yes,No
Oracle DBA (Entry Level) (New),https://www.shl.com/products/product-catalog/view/oracle-dba-entry-level-new/,Oracle DBA (Entry Level) (New) - A cognitive assessment of type K,Cognitive skills assessment,K,Cognitive,Yes,No
Oracle PL/SQL (New),https://www.shl.com/products/product-catalog/view/oracle-plsql-new/,Oracle PL/SQL (New) - A cognitive assessment of type K,Cognitive skills assessment,K,Cognitive,Yes,No
Oracle WebLogic Server (New),https://www.shl.com/products/product-catalog/view/oracle-weblogic-server-new/,Oracle WebLogic Server (New) - A cognitive assessment of type K,Cognitive skills assessment,K,Cognitive,Yes,No
Organic Chemistry (New),https://www.shl.com/products/product-catalog/view/organic-chemistry-new/,Organic Chemistry (New) - A cognitive assessment of type K,Cognitive skills assessment,K,Cognitive,Yes,No
Paint Technology (New),https://www.shl.com/products/product-catalog/view/paint-technology-new/,Paint Technology (New) - A cognitive assessment of type K,Cognitive skills assessment,K,Cognitive,Yes,No
Pediatrics (New),https://www.shl.com/products/product-catalog/view/pediatrics-new/,Pediatrics (New) - A cognitive assessment of type K,Cognitive skills assessment,K,Cognitive,Yes,No
Pega Development (New),https://www.shl.com/products/product-catalog/view/pega-development-new/,Pega Development (New) - A cognitive assessment of type K,Cognitive skills assessment,K,Cognitive,Yes,No
Perl (New),https://www.shl.com/products/product-catalog/view/perl-new/,Perl (New) - A cognitive assessment of type K,Cognitive skills assessment,K,Cognitive,Yes,No
Petrochemical Engineering (New),https://www.shl.com/products/product-catalog/view/petrochemical-engineering-new/,Petrochemical Engineering (New) - A cognitive assessment of type K,Cognitive skills assessment,K,Cognitive,Yes,No
Petroleum Engineering (New),https://www.shl.com/products/product-catalog/view/petroleum-engineering-new/,Petroleum Engineering (New) - A cognitive assessment of type K,Cognitive skills assessment,K,Cognitive,Yes,No
Pharmaceutical Analysis (New),https://www.shl.com/products/product-catalog/view/pharmaceutical-analysis-new/,Pharmaceutical Analysis (New) - A cognitive assessment of type K,Cognitive skills assessment,K,Cognitive,Yes,No
Pharmaceutical Chemistry (New),https://www.shl.com/products/product-catalog/view/pharmaceutical-chemistry-new/,Pharmaceutical Chemistry (New) - A cognitive assessment of type K,Cognitive skills assessment,K,Cognitive,Yes,No
Pharmaceutical Science (New),https://www.shl.com/products/product-catalog/view/pharmaceutical-science-new/,Pharmaceutical Science (New) - A cognitive assessment of type K,Cognitive skills assessment,K,Cognitive,Yes,No
Pharmaceutics (New),https://www.shl.com/products/product-catalog/view/pharmaceutics-new/,Pharmaceutics (New) - A cognitive assessment of type K,Cognitive skills assessment,K,Cognitive,Yes,No
Pharmacology (New),https://www.shl.com/products/product-catalog/view/pharmacology-new/,Pharmacology (New) - A cognitive assessment of type K,Cognitive skills assessment,K,Cognitive,Yes,No
PHP (New),https://www.shl.com/products/product-catalog/view/php-new/,PHP (New) - A cognitive assessment of type K,Cognitive skills assessment,K,Cognitive,Yes,No
PJM Development Report,https://www.shl.com/products/product-catalog/view/pjm-development-report/,PJM Development Report - A cognitive assessment of type CAP,Cognitive skills assessment,CAP,Cognitive,Yes,No
PJM Selection Report,https://www.shl.com/products/product-catalog/view/pjm-selection-report/,PJM Selection Report - A cognitive assessment of type ACP,Cognitive skills assessment,ACP,Cognitive,Yes,No
Polymer Engineering (New),https://www.shl.com/products/product-catalog/view/polymer-engineering-new/,Polymer Engineering (New) - A cognitive assessment of type K,Cognitive skills assessment,K,Cognitive,Yes,No
Power Electronics and Drives (New),https://www.shl.com/products/product-catalog/view/power-electronics-and-drives-new/,Power Electronics and Drives (New) - A cognitive assessment of type K,Cognitive skills assessment,K,Cognitive,Yes,No
Power System Engineering (New),https://www.shl.com/products/product-catalog/view/power-system-engineering-new/,Power System Engineering (New) - A cognitive assessment of type K,Cognitive skills assessment,K,Cognitive,Yes,No
Prism (New),https://www.shl.com/products/product-catalog/view/prism-new/,Prism (New) - A cognitive assessment of type K,Cognitive skills assessment,K,Cognitive,Yes,No
Production and Industrial Engineering (New),https://www.shl.com/products/product-catalog/view/production-and-industrial-engineering-new/,Production and Industrial Engineering (New) - A cognitive assessment of type K,Cognitive skills assessment,K,Cognitive,Yes,No
Production Engineering (New),https://www.shl.com/products/product-catalog/view/production-engineering-new/,Production Engineering (New) - A cognitive assessment of type K,Cognitive skills assessment,K,Cognitive,Yes,No
Programming Concepts,https://www.shl.com/products/product-catalog/view/programming-concepts/,Programming Concepts - A cognitive assessment of type K,Cognitive skills assessment,K,Cognitive,Yes,Yes
Project Management (2013),https://www.shl.com/products/product-catalog/view/project-management-2013/,Project Management (2013) - A cognitive assessment of type K,Cognitive skills assessment,K,Cognitive,Yes,Yes
Proofreading v1,https://www.shl.com/products/product-catalog/view/proofreading-v1/,Proofreading v1 - A cognitive assessment of type K,Cognitive skills assessment,K,Cognitive,Yes,No
Python (New),https://www.shl.com/products/product-catalog/view/python-new/,Python (New) - A cognitive assessment of type K,Cognitive skills assessment,K,Cognitive,Yes,No
R Programming (New),https://www.shl.com/products/product-catalog/view/r-programming-new/,R Programming (New) - A cognitive assessment of type K,Cognitive skills assessment,K,Cognitive,Yes,No
ReactJS (New),https://www.shl.com/products/product-catalog/view/reactjs-new/,ReactJS (New) - A cognitive assessment of type K,Cognitive skills assessment,K,Cognitive,Yes,No
Reading Comprehension - English v1,https://www.shl.com/products/product-catalog/view/reading-comprehension-english-v1/,Reading Comprehension - English v1 - A aptitude assessment of type A,Aptitude skills assessment,A,Aptitude,Yes,Yes
Reading Comprehension - Spanish v1,https://www.shl.com/products/product-catalog/view/reading-comprehension-spanish-v1/,Reading Comprehension - Spanish v1 - A aptitude assessment of type A,Aptitude skills assessment,A,Aptitude,Yes,Yes
Reading Comprehension v2,https://www.shl.com/products/product-catalog/view/reading-comprehension-v2/,Reading Comprehension v2 - A aptitude assessment of type A,Aptitude skills assessment,A,Aptitude,Yes,Yes
RemoteWorkQ,https://www.shl.com/products/product-catalog/view/remoteworkq/,RemoteWorkQ - A cognitive assessment of type C,Cognitive skills assessment,C,Cognitive,Yes,No
RemoteWorkQ Manager Report,https://www.shl.com/products/product-catalog/view/remoteworkq-manager-report/,RemoteWorkQ Manager Report - A cognitive assessment of type C,Cognitive skills assessment,C,Cognitive,Yes,No
RemoteWorkQ Participant Report,https://www.shl.com/products/product-catalog/view/remoteworkq-participant-report/,RemoteWorkQ Participant Report - A cognitive assessment of type C,Cognitive skills assessment,C,Cognitive,Yes,No
RESTful Web Services (New),https://www.shl.com/products/product-catalog/view/restful-web-services-new/,RESTful Web Services (New) - A cognitive assessment of type K,Cognitive skills assessment,K,Cognitive,Yes,No
Retail Sales and Service Simulation,https://www.shl.com/products/product-catalog/view/retail-sales-and-service-simulation/,Retail Sales and Service Simulation - A skills assessment of type BKSA,Skills skills assessment,BKSA,Skills,Yes,No
Reviewing Forms - US (R1),https://www.shl.com/products/product-catalog/view/reviewing-forms-us-r1/,Reviewing Forms - US (R1) - A cognitive assessment of type K,Cognitive skills assessment,K,Cognitive,Yes,No
Ruby (New),https://www.shl.com/products/product-catalog/view/ruby-new/,Ruby (New) - A cognitive assessment of type K,Cognitive skills assessment,K,Cognitive,Yes,No
Ruby on Rails (New),https://www.shl.com/products/product-catalog/view/ruby-on-rails-new/,Ruby on Rails (New) - A cognitive assessment of type K,Cognitive skills assessment,K,Cognitive,Yes,No
Sales & Service Phone Simulation,https://www.shl.com/products/product-catalog/view/sales-and-service-phone-simulation/,Sales & Service Phone Simulation - A skills assessment of type SB,Skills skills assessment,SB,Skills,Yes,No
Sales & Service Phone Solution,https://www.shl.com/products/product-catalog/view/sales-and-service-phone-solution/,Sales & Service Phone Solution - A cognitive assessment of type BPS,Cognitive skills assessment,BPS,Cognitive,Yes,No
Sales Interview Guide,https://www.shl.com/products/product-catalog/view/sales-interview-guide/,Sales Interview Guide - A cognitive assessment of type PP,Cognitive skills assessment,PP,Cognitive,Yes,No
Sales Profiler Cards,https://www.shl.com/products/product-catalog/view/sales-profiler-cards/,Sales Profiler Cards - A personality assessment of type P,Personality skills assessment,P,Personality,Yes,No
Sales Transformation 1.0 - Individual Contributor,https://www.shl.com/products/product-catalog/view/sales-transformation-report-individual-contributor/,Sales Transformation 1.0 - Individual Contributor - A personality assessment of type P,Personality skills assessment,P,Personality,Yes,No
Sales Transformation 2.0 - Individual Contributor,https://www.shl.com/products/product-catalog/view/salestransformationreport2-0-individualcontributor/,Sales Transformation 2.0 - Individual Contributor - A personality assessment of type P,Personality skills assessment,P,Personality,Yes,No
Sales Transformation Report 1.0 - Sales Manager,https://www.shl.com/products/product-catalog/view/sales-transformation-report-sales-manager/,Sales Transformation Report 1.0 - Sales Manager - A personality assessment of type P,Personality skills assessment,P,Personality,Yes,No
Sales Transformation Report 2.0 - Sales Manager,https://www.shl.com/products/product-catalog/view/sales-transformation-report-2-0-sales-manager/,Sales Transformation Report 2.0 - Sales Manager - A personality assessment of type P,Personality skills assessment,P,Personality,Yes,No
Salesforce Development (New),https://www.shl.com/products/product-catalog/view/salesforce-development-new/,Salesforce Development (New) - A cognitive assessment of type K,Cognitive skills assessment,K,Cognitive,Yes,No
SAP ABAP (Advanced Level) (New),https://www.shl.com/products/product-catalog/view/sap-abap-advanced-level-new/,SAP ABAP (Advanced Level) (New) - A cognitive assessment of type K,Cognitive skills assessment,K,Cognitive,Yes,No
SAP ABAP (Intermediate Level) (New),https://www.shl.com/products/product-catalog/view/sap-abap-intermediate-level-new/,SAP ABAP (Intermediate Level) (New) - A cognitive assessment of type K,Cognitive skills assessment,K,Cognitive,Yes,No
SAP Basis (New),https://www.shl.com/products/product-catalog/view/sap-basis-new/,SAP Basis (New) - A cognitive assessment of type K,Cognitive skills assessment,K,Cognitive,Yes,No
SAP Business Objects WebI (New),https://www.shl.com/products/product-catalog/view/sap-business-objects-webi-new/,SAP Business Objects WebI (New) - A cognitive assessment of type K,Cognitive skills assessment,K,Cognitive,Yes,No
SAP BW (Business Warehouse) (New),https://www.shl.com/products/product-catalog/view/sap-bw-business-warehouse-new/,SAP BW (Business Warehouse) (New) - A cognitive assessment of type K,Cognitive skills assessment,K,Cognitive,Yes,No
SAP HCM (Human Capital Management) (New),https://www.shl.com/products/product-catalog/view/sap-hcm-human-capital-management-new/,SAP HCM (Human Capital Management) (New) - A cognitive assessment of type K,Cognitive skills assessment,K,Cognitive,Yes,No
SAP Hybris (New),https://www.shl.com/products/product-catalog/view/sap-hybris-new/,SAP Hybris (New) - A cognitive assessment of type K,Cognitive skills assessment,K,Cognitive,Yes,No
SAP Materials Management (New),https://www.shl.com/products/product-catalog/view/sap-materials-management-new/,SAP Materials Management (New) - A cognitive assessment of type K,Cognitive skills assessment,K,Cognitive,Yes,No
SAP SD (Sales and Distribution) (New),https://www.shl.com/products/product-catalog/view/sap-sd-sales-and-distribution-new/,SAP SD (Sales and Distribution) (New) - A cognitive assessment of type K,Cognitive skills assessment,K,Cognitive,Yes,No
Search Engine Optimization (New),https://www.shl.com/products/product-catalog/view/search-engine-optimization-new/,Search Engine Optimization (New) - A cognitive assessment of type K,Cognitive skills assessment,K,Cognitive,Yes,No
Selenium (New),https://www.shl.com/products/product-catalog/view/selenium-new/,Selenium (New) - A cognitive assessment of type K,Cognitive skills assessment,K,Cognitive,Yes,No
Shell Scripting (New),https://www.shl.com/products/product-catalog/view/shell-scripting-new/,Shell Scripting (New) - A cognitive assessment of type K,Cognitive skills assessment,K,Cognitive,Yes,No
SHL Verify Interactive - Inductive Reasoning,https://www.shl.com/products/product-catalog/view/shl-verify-interactive-inductive-reasoning/,SHL Verify Interactive - Inductive Reasoning - A logical assessment of type AS,Logical skills assessment,AS,Logical,Yes,Yes
SHL Verify Interactive  Deductive Reasoning,https://www.shl.com/products/product-catalog/view/shl-verify-interactive-deductive-reasoning/,SHL Verify Interactive  Deductive Reasoning - A logical assessment of type AS,Logical skills assessment,AS,Logical,Yes,Yes
SHL Verify Interactive  Numerical Reasoning,https://www.shl.com/products/product-catalog/view/shl-verify-interactive-numerical-reasoning/,SHL Verify Interactive  Numerical Reasoning - A numerical assessment of type AS,Numerical skills assessment,AS,Numerical,Yes,Yes
SHL Verify Interactive G+,https://www.shl.com/products/product-catalog/view/shl-verify-interactive-g/,SHL Verify Interactive G+ - A aptitude assessment of type A,Aptitude skills assessment,A,Aptitude,Yes,Yes
SHL Verify Interactive Numerical Calculation,https://www.shl.com/products/product-catalog/view/shl-verify-interactive-numerical-calculation/,SHL Verify Interactive Numerical Calculation - A aptitude assessment of type A,Aptitude skills assessment,A,Aptitude,Yes,Yes
Siebel Development (New),https://www.shl.com/products/product-catalog/view/siebel-development-new/,Siebel Development (New) - A cognitive assessment of type K,Cognitive skills assessment,K,Cognitive,Yes,No
Smart Interview Live,https://www.shl.com/products/product-catalog/view/smart-interview-live/,Smart Interview Live - A personality assessment of type P,Personality skills assessment,P,Personality,Yes,No
Smart Interview Live Coding,https://www.shl.com/products/product-catalog/view/smart-interview-live-coding/,Smart Interview Live Coding - A cognitive assessment of type K,Cognitive skills assessment,K,Cognitive,Yes,No
Smart Interview On Demand,https://www.shl.com/products/product-catalog/view/smart-interview-on-demand/,Smart Interview On Demand - A personality assessment of type P,Personality skills assessment,P,Personality,Yes,No
Social Media (New),https://www.shl.com/products/product-catalog/view/social-media-new/,Social Media (New) - A cognitive assessment of type K,Cognitive skills assessment,K,Cognitive,Yes,No
Software Business Analysis,https://www.shl.com/products/product-catalog/view/software-business-analysis/,Software Business Analysis - A cognitive assessment of type K,Cognitive skills assessment,K,Cognitive,Yes,Yes
SonarQube (New),https://www.shl.com/products/product-catalog/view/sonarqube-new/,SonarQube (New) - A cognitive assessment of type K,Cognitive skills assessment,K,Cognitive,Yes,No
Spelling (U.S.) (New),https://www.shl.com/products/product-catalog/view/spelling-u-s-new/,Spelling (U.S.) (New) - A cognitive assessment of type K,Cognitive skills assessment,K,Cognitive,Yes,No
Split Screen Typing Test - Form 1,https://www.shl.com/products/product-catalog/view/split-screen-typing-test-form-1/,Split Screen Typing Test - Form 1 - A cognitive assessment of type AK,Cognitive skills assessment,AK,Cognitive,Yes,No
Spring (New),https://www.shl.com/products/product-catalog/view/spring-new/,Spring (New) - A cognitive assessment of type K,Cognitive skills assessment,K,Cognitive,Yes,No
SQL (New),https://www.shl.com/products/product-catalog/view/sql-new/,SQL (New) - A cognitive assessment of type K,Cognitive skills assessment,K,Cognitive,Yes,No
SQL Server (New),https://www.shl.com/products/product-catalog/view/sql-server-new/,SQL Server (New) - A cognitive assessment of type K,Cognitive skills assessment,K,Cognitive,Yes,No
SQL Server Analysis Services (SSAS) (New),https://www.shl.com/products/product-catalog/view/sql-server-analysis-services-%28ssas%29-%28new%29/,SQL Server Analysis Services (SSAS) (New) - A cognitive assessment of type K,Cognitive skills assessment,K,Cognitive,Yes,No
SQL Server Integration Services (SSIS) (New),https://www.shl.com/products/product-catalog/view/sql-server-integration-services-ssis-new/,SQL Server Integration Services (SSIS) (New) - A cognitive assessment of type K,Cognitive skills assessment,K,Cognitive,Yes,No
SQL Server Reporting Services (SSRS) (New),https://www.shl.com/products/product-catalog/view/sql-server-reporting-services-ssrs-new/,SQL Server Reporting Services (SSRS) (New) - A cognitive assessment of type K,Cognitive skills assessment,K,Cognitive,Yes,No
Statistical Analysis System (New),https://www.shl.com/products/product-catalog/view/statistical-analysis-system-new/,Statistical Analysis System (New) - A cognitive assessment of type K,Cognitive skills assessment,K,Cognitive,Yes,No
Struts (New),https://www.shl.com/products/product-catalog/view/struts-new/,Struts (New) - A cognitive assessment of type K,Cognitive skills assessment,K,Cognitive,Yes,No
SVAR - Spoken English (AUS),https://www.shl.com/products/product-catalog/view/svar-spoken-english-aus/,SVAR - Spoken English (AUS) - A skills assessment of type S,Skills skills assessment,S,Skills,Yes,No
SVAR - Spoken English (Indian Accent)  (New),https://www.shl.com/products/product-catalog/view/svar-spoken-english-indian-accent-new/,SVAR - Spoken English (Indian Accent)  (New) - A skills assessment of type S,Skills skills assessment,S,Skills,Yes,No
SVAR - Spoken English (U.K.),https://www.shl.com/products/product-catalog/view/svar-spoken-english-u-k/,SVAR - Spoken English (U.K.) - A skills assessment of type S,Skills skills assessment,S,Skills,Yes,No
SVAR - Spoken English (US)  (New),https://www.shl.com/products/product-catalog/view/svar-spoken-english-us-new/,SVAR - Spoken English (US)  (New) - A skills assessment of type S,Skills skills assessment,S,Skills,Yes,No
SVAR - Spoken French (Canadian) (New),https://www.shl.com/products/product-catalog/view/svar-spoken-french-canadian-new/,SVAR - Spoken French (Canadian) (New) - A skills assessment of type S,Skills skills assessment,S,Skills,Yes,No
SVAR - Spoken French (European) (New),https://www.shl.com/products/product-catalog/view/svar-spoken-french-european-new/,SVAR - Spoken French (European) (New) - A skills assessment of type S,Skills skills assessment,S,Skills,Yes,No
SVAR - Spoken Spanish (Castilian) (New),https://www.shl.com/products/product-catalog/view/svar-spoken-spanish-castilian-new/,SVAR - Spoken Spanish (Castilian) (New) - A skills assessment of type S,Skills skills assessment,S,Skills,Yes,No
SVAR - Spoken Spanish (North American) (New),https://www.shl.com/products/product-catalog/view/svar-spoken-spanish-north-american-new/,SVAR - Spoken Spanish (North American) (New) - A skills assessment of type S,Skills skills assessment,S,Skills,Yes,No
Swing (New),https://www.shl.com/products/product-catalog/view/swing-new/,Swing (New) - A cognitive assessment of type K,Cognitive skills assessment,K,Cognitive,Yes,No
Tableau (New),https://www.shl.com/products/product-catalog/view/tableau-new/,Tableau (New) - A cognitive assessment of type K,Cognitive skills assessment,K,Cognitive,Yes,No
Telecommunications Engineering (New),https://www.shl.com/products/product-catalog/view/telecommunications-engineering-new/,Telecommunications Engineering (New) - A cognitive assessment of type K,Cognitive skills assessment,K,Cognitive,Yes,No
Teradata Development (New),https://www.shl.com/products/product-catalog/view/teradata-development-new/,Teradata Development (New) - A cognitive assessment of type K,Cognitive skills assessment,K,Cognitive,Yes,No
Time Management (U.S.),https://www.shl.com/products/product-catalog/view/time-management-u-s/,Time Management (U.S.) - A cognitive assessment of type K,Cognitive skills assessment,K,Cognitive,Yes,Yes
Training Development,https://www.shl.com/products/product-catalog/view/training-development/,Training Development - A cognitive assessment of type K,Cognitive skills assessment,K,Cognitive,Yes,Yes
Typing (New),https://www.shl.com/products/product-catalog/view/typing-new/,Typing (New) - A skills assessment of type S,Skills skills assessment,S,Skills,Yes,No
UiPath RPA Development (New),https://www.shl.com/products/product-catalog/view/uipath-rpa-development-new/,UiPath RPA Development (New) - A cognitive assessment of type K,Cognitive skills assessment,K,Cognitive,Yes,No
Universal Competency Framework Interview Guide,https://www.shl.com/products/product-catalog/view/universal-competency-framework-interview-guide/,Universal Competency Framework Interview Guide - A cognitive assessment of type CP,Cognitive skills assessment,CP,Cognitive,Yes,No
Universal Competency Framework Job profiling guide,https://www.shl.com/products/product-catalog/view/universal-competency-framework-job-profiling-guide/,Universal Competency Framework Job profiling guide - A cognitive assessment of type CP,Cognitive skills assessment,CP,Cognitive,Yes,No
Universal Competency Framework Profiler Cards (44),https://www.shl.com/products/product-catalog/view/universal-competency-framework-profiler-cards-44/,Universal Competency Framework Profiler Cards (44) - A cognitive assessment of type CP,Cognitive skills assessment,CP,Cognitive,Yes,No
UNIX (New),https://www.shl.com/products/product-catalog/view/unix-new/,UNIX (New) - A cognitive assessment of type K,Cognitive skills assessment,K,Cognitive,Yes,No
VB.NET (New),https://www.shl.com/products/product-catalog/view/vb-net-new/,VB.NET (New) - A cognitive assessment of type K,Cognitive skills assessment,K,Cognitive,Yes,No
Verify - Deductive Reasoning,https://www.shl.com/products/product-catalog/view/verify-deductive-reasoning/,Verify - Deductive Reasoning - A aptitude assessment of type A,Aptitude skills assessment,A,Aptitude,Yes,Yes
Verify - Following Instructions,https://www.shl.com/products/product-catalog/view/verify-following-instructions/,Verify - Following Instructions - A aptitude assessment of type A,Aptitude skills assessment,A,Aptitude,Yes,No
Verify - G+,https://www.shl.com/products/product-catalog/view/verify-g/,Verify - G+ - A aptitude assessment of type A,Aptitude skills assessment,A,Aptitude,Yes,Yes
Verify - General Ability Screen,https://www.shl.com/products/product-catalog/view/verify-general-ability-screen/,Verify - General Ability Screen - A aptitude assessment of type A,Aptitude skills assessment,A,Aptitude,Yes,Yes
Verify - Inductive Reasoning (2014),https://www.shl.com/products/product-catalog/view/verify-inductive-reasoning-2014/,Verify - Inductive Reasoning (2014) - A aptitude assessment of type A,Aptitude skills assessment,A,Aptitude,Yes,Yes
Verify - Numerical Ability,https://www.shl.com/products/product-catalog/view/verify-numerical-ability/,Verify - Numerical Ability - A aptitude assessment of type A,Aptitude skills assessment,A,Aptitude,Yes,Yes
Verify - Technical Checking - Next Generation,https://www.shl.com/products/product-catalog/view/verify-technical-checking-next-generation/,Verify - Technical Checking - Next Generation - A aptitude assessment of type A,Aptitude skills assessment,A,Aptitude,Yes,No
Verify - Verbal Ability - Next Generation,https://www.shl.com/products/product-catalog/view/verify-verbal-ability-next-generation/,Verify - Verbal Ability - Next Generation - A aptitude assessment of type A,Aptitude skills assessment,A,Aptitude,Yes,Yes
Verify - Working with Information,https://www.shl.com/products/product-catalog/view/verify-working-with-information/,Verify - Working with Information - A aptitude assessment of type A,Aptitude skills assessment,A,Aptitude,Yes,No
Verify G+ - Ability Test Report,https://www.shl.com/products/product-catalog/view/verify-g-ability-test-report/,Verify G+ - Ability Test Report - A aptitude assessment of type A,Aptitude skills assessment,A,Aptitude,Yes,No
Verify G+ - Candidate Report,https://www.shl.com/products/product-catalog/view/verify-g-candidate-report/,Verify G+ - Candidate Report - A aptitude assessment of type A,Aptitude skills assessment,A,Aptitude,Yes,No
Verify Interactive Ability Report,https://www.shl.com/products/product-catalog/view/verify-interactive-ability-report/,Verify Interactive Ability Report - A aptitude assessment of type A,Aptitude skills assessment,A,Aptitude,Yes,No
Verify Interactive G+ Candidate Report,https://www.shl.com/products/product-catalog/view/verify-interactive-g-candidate-report/,Verify Interactive G+ Candidate Report - A aptitude assessment of type A,Aptitude skills assessment,A,Aptitude,Yes,No
Verify Interactive G+ Report,https://www.shl.com/products/product-catalog/view/verify-interactive-g-report/,Verify Interactive G+ Report - A aptitude assessment of type A,Aptitude skills assessment,A,Aptitude,Yes,No
Verify Interactive Process Monitoring,https://www.shl.com/products/product-catalog/view/verify-interactive-process-monitoring/,Verify Interactive Process Monitoring - A aptitude assessment of type A,Aptitude skills assessment,A,Aptitude,Yes,No
Virtual Assessment and Development Centers,https://www.shl.com/products/product-catalog/view/virtual-assessment-and-development-centers/,Virtual Assessment and Development Centers - A personality assessment of type P,Personality skills assessment,P,Personality,Yes,No
Visual Basic for Applications (New),https://www.shl.com/products/product-catalog/view/visual-basic-for-applications-new/,Visual Basic for Applications (New) - A cognitive assessment of type K,Cognitive skills assessment,K,Cognitive,Yes,No
Visual Comparison - UK,https://www.shl.com/products/product-catalog/view/visual-comparison-uk/,Visual Comparison - UK - A cognitive assessment of type K,Cognitive skills assessment,K,Cognitive,Yes,No
Visual Comparison - US,https://www.shl.com/products/product-catalog/view/visual-comparison-us/,Visual Comparison - US - A cognitive assessment of type K,Cognitive skills assessment,K,Cognitive,Yes,No
VLSI and Embedded Systems (New),https://www.shl.com/products/product-catalog/view/vlsi-and-embedded-systems-new/,VLSI and Embedded Systems (New) - A cognitive assessment of type K,Cognitive skills assessment,K,Cognitive,Yes,No
What Is The Value - US,https://www.shl.com/products/product-catalog/view/what-is-the-value-us/,What Is The Value - US - A cognitive assessment of type K,Cognitive skills assessment,K,Cognitive,Yes,Yes
Workplace Administration Skills (New),https://www.shl.com/products/product-catalog/view/workplace-administration-skills-new/,Workplace Administration Skills (New) - A cognitive assessment of type K,Cognitive skills assessment,K,Cognitive,Yes,No
Workplace Health and Safety (New),https://www.shl.com/products/product-catalog/view/workplace-health-and-safety-new/,Workplace Health and Safety (New) - A cognitive assessment of type K,Cognitive skills assessment,K,Cognitive,Yes,No
WriteX - Email Writing (Customer Service) (New),https://www.shl.com/products/product-catalog/view/writex-email-writing-customer-service-new/,WriteX - Email Writing (Customer Service) (New) - A skills assessment of type S,Skills skills assessment,S,Skills,Yes,No
WriteX - Email Writing (Managerial) (New),https://www.shl.com/products/product-catalog/view/writex-email-writing-managerial-new/,WriteX - Email Writing (Managerial) (New) - A skills assessment of type S,Skills skills assessment,S,Skills,Yes,No
WriteX - Email Writing (Sales) (New),https://www.shl.com/products/product-catalog/view/writex-email-writing-sales-new/,WriteX - Email Writing (Sales) (New) - A cognitive assessment of type BS,Cognitive skills assessment,BS,Cognitive,Yes,No
Written English v1,https://www.shl.com/products/product-catalog/view/written-english-v1/,Written English v1 - A cognitive assessment of type K,Cognitive skills assessment,K,Cognitive,Yes,Yes
Written Spanish,https://www.shl.com/products/product-catalog/view/written-spanish/,Written Spanish - A cognitive assessment of type K,Cognitive skills assessment,K,Cognitive,Yes,Yes
Zabbix (New),https://www.shl.com/products/product-catalog/view/zabbix-new/,Zabbix (New) - A cognitive assessment of type K,Cognitive skills assessment,K,Cognitive,Yes,No
360 Digital Report,https://www.shl.com/products/product-catalog/view/360-digital-report/,360 Digital Report - A cognitive assessment of type D,Cognitive skills assessment,D,Cognitive,Yes,No
360 Multi-Rater Feedback System (MFS),https://www.shl.com/products/product-catalog/view/360-multi-rater-feedback-system-mfs/,360 Multi-Rater Feedback System (MFS) - A cognitive assessment of type DP,Cognitive skills assessment,DP,Cognitive,Yes,No
